{"cameraMode":{"drawMode":0,"name":"Shaded","section":"Shading Mode"},"sceneLighting":false,"audioPlay":false,"sceneViewState":{"showFog":true,"showMaterialUpdate":true,"showSkybox":false,"showFlares":true,"showImageEffects":true,"showParticleSystems":true},"in2DMode":false,"pivot":{"x":1.2071336507797242,"y":4.705532073974609,"z":15.346856117248536},"rotation":{"x":-0.0011881320970132948,"y":0.022810891270637513,"z":0.00000389619617635617,"w":0.9997642636299133},"size":8.550151824951172,"orthographic":false}