{"cameraMode":{"drawMode":0,"name":"Shaded","section":"Shading Mode"},"sceneLighting":false,"audioPlay":false,"sceneViewState":{"showFog":true,"showMaterialUpdate":true,"showSkybox":false,"showFlares":true,"showImageEffects":true,"showParticleSystems":true},"in2DMode":false,"pivot":{"x":11.628135681152344,"y":1.1352283954620362,"z":15.949579238891602},"rotation":{"x":-0.10871771723031998,"y":-0.6800283193588257,"z":0.1029830202460289,"w":-0.7177659273147583},"size":9.814658164978028,"orthographic":false}