{"cameraMode":{"drawMode":0,"name":"Shaded","section":"Shading Mode"},"sceneLighting":false,"audioPlay":false,"sceneViewState":{"showFog":true,"showMaterialUpdate":true,"showSkybox":false,"showFlares":true,"showImageEffects":true,"showParticleSystems":true},"in2DMode":false,"pivot":{"x":-2.1529908180236818,"y":5.818624496459961,"z":13.940810203552246},"rotation":{"x":-0.04634911194443703,"y":0.7412587404251099,"z":-0.051457908004522327,"w":-0.6676483154296875},"size":22.791166305541993,"orthographic":false}