{"cameraMode":{"drawMode":0,"name":"Shaded","section":"Shading Mode"},"sceneLighting":false,"audioPlay":false,"sceneViewState":{"showFog":true,"showMaterialUpdate":true,"showSkybox":false,"showFlares":true,"showImageEffects":true,"showParticleSystems":true},"in2DMode":false,"pivot":{"x":-7.363306999206543,"y":2.124423027038574,"z":39.72195816040039},"rotation":{"x":0.26388707756996157,"y":-0.6223154067993164,"z":0.23509182035923005,"w":0.6984819769859314},"size":6.263724327087402,"orthographic":false}