{"cameraMode":{"drawMode":0,"name":"Shaded","section":"Shading Mode"},"sceneLighting":false,"audioPlay":false,"sceneViewState":{"showFog":true,"showMaterialUpdate":true,"showSkybox":false,"showFlares":true,"showImageEffects":true,"showParticleSystems":true},"in2DMode":false,"pivot":{"x":10.007411003112793,"y":5.936129570007324,"z":6.617072105407715},"rotation":{"x":0.06904006004333496,"y":0.9295108318328857,"z":-0.2817450761795044,"w":0.22776247560977937},"size":15.128946304321289,"orthographic":false}