{"cameraMode":{"drawMode":0,"name":"Shaded","section":"Shading Mode"},"sceneLighting":false,"audioPlay":false,"sceneViewState":{"showFog":true,"showMaterialUpdate":true,"showSkybox":false,"showFlares":true,"showImageEffects":true,"showParticleSystems":true},"in2DMode":false,"pivot":{"x":2.5199999809265138,"y":3.2899999618530275,"z":15.489579200744629},"rotation":{"x":-0.19763074815273286,"y":-0.686332643032074,"z":0.20242442190647126,"w":-0.6700438857078552},"size":2.565394401550293,"orthographic":false}