{"cameraMode":{"drawMode":0,"name":"Shaded","section":"Shading Mode"},"sceneLighting":true,"audioPlay":false,"sceneViewState":{"showFog":true,"showMaterialUpdate":true,"showSkybox":true,"showFlares":true,"showImageEffects":true,"showParticleSystems":true},"in2DMode":false,"pivot":{"x":11.342586517333985,"y":-0.2336435616016388,"z":11.711230278015137},"rotation":{"x":0.3732663094997406,"y":0.13263991475105287,"z":-0.05402574688196182,"w":0.9166327714920044},"size":8.658964157104493,"orthographic":false}