{"cameraMode":{"drawMode":0,"name":"Shaded","section":"Shading Mode"},"sceneLighting":false,"audioPlay":false,"sceneViewState":{"showFog":true,"showMaterialUpdate":true,"showSkybox":false,"showFlares":true,"showImageEffects":true,"showParticleSystems":true},"in2DMode":false,"pivot":{"x":1.3616406917572022,"y":3.401859760284424,"z":10.584833145141602},"rotation":{"x":-0.03561031445860863,"y":-0.87849360704422,"z":0.06628268957138062,"w":-0.471844881772995},"size":9.31382942199707,"orthographic":false}