{"cameraMode":{"drawMode":0,"name":"Shaded","section":"Shading Mode"},"sceneLighting":false,"audioPlay":false,"sceneViewState":{"showFog":true,"showMaterialUpdate":true,"showSkybox":false,"showFlares":true,"showImageEffects":true,"showParticleSystems":true},"in2DMode":false,"pivot":{"x":6.708799362182617,"y":7.6504902839660648,"z":10.75255012512207},"rotation":{"x":0.006298757623881102,"y":0.9269310832023621,"z":-0.3748679459095001,"w":0.015574909746646881},"size":6.206625938415527,"orthographic":false}